reviewText,Positive
This app has great features with numerous levels and fun characters. It’s very engaging and perfect for a quick gaming session,1
This version of the game is really enjoyable, especially considering it's free. My kids are addicted to it and keep playing nonstop.,1
I’m thoroughly impressed with this game. It offers a ton of fun and challenging levels. You can also collect hidden treasures.,1
"Though frustrating at times, this game provides a lot of fun and I highly recommend it for anyone looking for a casual game.",1
This game is incredibly fun and perfect for long waits. My children absolutely love it, it keeps them entertained for hours.,0
This is an addicting game! It’s simple but fun, which makes it so appealing to anyone looking for easy entertainment.,1
This app is amazing! No need for an internet connection, and it’s fun to play with over 100 levels to conquer. Highly recommend it.,1
The best thing about this game is how it’s free! It's so engaging that you won’t mind the occasional ads.,1
This is the best free app available, hands down! It keeps me entertained even when I have nothing to do.,1
"This is a fun game, though I’m not always the best at it. My nephew loves helping me figure out the tricky levels.",1
I’m really enjoying this game on my Kindle Fire. It’s a great way to pass the time, and it works perfectly on my device.,0
"This is perfect for fans of casual physics-based games. The ads are barely noticeable, so you get all the fun without being distracted.",1
This is a fantastic game to cure boredom. I always try to earn 3 stars on every level. It’s so rewarding!,1
This is one of the best games I’ve ever played! The Angry Birds series is always entertaining and keeps me hooked.,1
Though frustrating at times, the game is super fun! I can’t stop playing, especially now that I have my own Kindle.,1
"This is the ad-free version of Angry Birds, a classic! It’s a bit challenging, but it’s a blast whether you’re a first-timer or not.",1
This app is a life-saver when babysitting. It’s so much fun and keeps kids entertained for hours.,1
This app is awesome! For those giving lower ratings, you might not be playing it right. I rate this game 5 stars without hesitation.,1
This is the best game ever! It’s so fun and entertaining, I can’t wait to play every day! It’s seriously amazing!,0
This game is the most fun I’ve had in a while. You should definitely get it if you love Angry Birds. It’s the best!,1
This is the ultimate Angry Birds game! The most fun I’ve had in ages! It’s perfect for fans of the series.,1
This is one of the most fun and addicting games. I love the characters, and I especially enjoy the challenge each level offers.,0
